{
  "ITEM_INFO": {
    "ItemInfo": {
      "NAME_SHORT": "ar",
      "NAME_DISPLAY": "AR_ammo",
      "NAME_ICON": "sample",
      "MAX_HEALTH": 0.0,
      "MOVE_SPEED": 0.0,
      "KNOCKBACK_RESISTANCE": 0.0,
      "ATTACK_DAMAGE": 0.0
    }
  },
  "MAGAZINE_SIZE": 10,
  "STACK_SIZE": 4,
  "BULLET_LIFE": 600,
  "BULLET_POWER": 1,
  "SHOOT_NUM": 1,
  "MAGAZINE_BREAK": true,
  "HIT_IGNORING_ARMOR": true,
  "HIT_DAMAGE_HEAD": 3.0,
  "HIT_DAMAGE_PLAYER": 2.0,
  "HIT_DAMAGE_LIVING": 2.5,
  "HIT_DAMAGE_TANK": 0,
  "HIT_DAMAGE_AIR": 0,
  "HIT_KNOCKBACK_PLAYER": 0.0,
  "HIT_KNOCKBACK_LIVING": 0.0,
  "HIT_KNOCKBACK_TANK": 0.0,
  "HIT_KNOCKBACK_AIR": 0.0,
  "EXP_ON_HIT_ENTITY": {
    "Explosion": {
      "RANGE": 0,
      "DAMAGE_BASE_PLAYER": 0.0,
      "DAMAGE_COE_PLAYER": 0.0,
      "DAMAGE_BASE_LIVING": 0.0,
      "DAMAGE_COE_LIVING": 0,
      "DAMAGE_BASE_TANK": 0,
      "DAMAGE_COE_TANK": 0,
      "DAMAGE_BASE_AIR": 0,
      "DAMAGE_COE_AIR": 0,
      "KNOCKBACK_BASE_PLAYER": 0.0,
      "KNOCKBACK_COE_PLAYER": 0.0,
      "KNOCKBACK_BASE_LIVING": 0.0,
      "KNOCKBACK_COE_LIVING": 0.0,
      "KNOCKBACK_BASE_TANK": 0.0,
      "KNOCKBACK_COE_TANK": 0.0,
      "KNOCKBACK_BASE_AIR": 0.0,
      "KNOCKBACK_COE_AIR": 0.0,
      "SOUND": {
        "Sound": {
          "NAME": "minecraft:random.explode",
          "RANGE": 50.0,
          "VOL": 1.0,
          "PITCH": 1.0,
          "USE_DECAY": true,
          "USE_DELAY": true
        }
      }
    }
  },
  "EXP_ON_HIT_GROUND": {
    "Explosion": {
      "RANGE": 5.0,
      "DAMAGE_BASE_PLAYER": 0.0,
      "DAMAGE_COE_PLAYER": 0.0,
      "DAMAGE_BASE_LIVING": 8.0,
      "DAMAGE_COE_LIVING": 2.0,
      "DAMAGE_BASE_TANK": 0,
      "DAMAGE_COE_TANK": 0,
      "DAMAGE_BASE_AIR": 0,
      "DAMAGE_COE_AIR": 0,
      "KNOCKBACK_BASE_PLAYER": 0.0,
      "KNOCKBACK_COE_PLAYER": 0.0,
      "KNOCKBACK_BASE_LIVING": 0.0,
      "KNOCKBACK_COE_LIVING": 0.0,
      "KNOCKBACK_BASE_TANK": 0.0,
      "KNOCKBACK_COE_TANK": 0.0,
      "KNOCKBACK_BASE_AIR": 0.0,
      "KNOCKBACK_COE_AIR": 0.0,
      "SOUND": {
        "Sound": {
          "NAME": "minecraft:random.explode",
          "RANGE": 50.0,
          "VOL": 1.0,
          "PITCH": 1.0,
          "USE_DECAY": true,
          "USE_DELAY": true
        }
      }
    }
  },
  "EXP_ON_TIMEOUT": {
    "Explosion": {
      "RANGE": 0,
      "DAMAGE_BASE_PLAYER": 0.0,
      "DAMAGE_COE_PLAYER": 0.0,
      "DAMAGE_BASE_LIVING": 0.0,
      "DAMAGE_COE_LIVING": 0,
      "DAMAGE_BASE_TANK": 0,
      "DAMAGE_COE_TANK": 0,
      "DAMAGE_BASE_AIR": 0,
      "DAMAGE_COE_AIR": 0,
      "KNOCKBACK_BASE_PLAYER": 0.0,
      "KNOCKBACK_COE_PLAYER": 0.0,
      "KNOCKBACK_BASE_LIVING": 0.0,
      "KNOCKBACK_COE_LIVING": 0.0,
      "KNOCKBACK_BASE_TANK": 0.0,
      "KNOCKBACK_COE_TANK": 0.0,
      "KNOCKBACK_BASE_AIR": 0.0,
      "KNOCKBACK_COE_AIR": 0.0,
      "SOUND": {
        "Sound": {
          "NAME": "minecraft:random.explode",
          "RANGE": 50.0,
          "VOL": 1.0,
          "PITCH": 1.0,
          "USE_DECAY": true,
          "USE_DELAY": true
        }
      }
    }
  },
  "DECAY_DAMAGE_START_PLAYER": 0.0,
  "DECAY_DAMAGE_COE_PLAYER": 0.0,
  "DECAY_DAMAGE_MAX_PLAYER": 0.0,
  "DECAY_DAMAGE_START_LIVING": 0.0,
  "DECAY_DAMAGE_COE_LIVING": 0.0,
  "DECAY_DAMAGE_MAX_LIVING": 0.0,
  "SOUND_HIT_GROUND": {
    "Sound": {
      "NAME": "sample",
      "RANGE": 8.0,
      "VOL": 1.0,
      "PITCH": 1.0,
      "USE_DECAY": true,
      "USE_DELAY": true
    }
  },
  "SOUND_HIT_ENTITY": {
    "Sound": {
      "NAME": "sample",
      "RANGE": 8.0,
      "VOL": 1.0,
      "PITCH": 1.0,
      "USE_DECAY": true,
      "USE_DELAY": true
    }
  },
  "SOUND_PASSING_USE": {
    "Sound": {
      "NAME": "sample",
      "RANGE": 8.0,
      "VOL": 1.0,
      "PITCH": 1.0,
      "USE_DECAY": true,
      "USE_DELAY": true
    }
  },
  "GRAVITY_USE": false,
  "THROUGH_BLOCK": [],
  "THROUGH_ENTITY": []
}