{
  "ITEM_INFO": {
    "ItemInfo": {
      "NAME_SHORT": "ar",
      "NAME_DISPLAY": "AR",
      "NAME_ICON": "sample",
      "MAX_HEALTH": 0.0,
      "MOVE_SPEED": 0.0,
      "KNOCKBACK_RESISTANCE": 0.0,
      "ATTACK_DAMAGE": 0.0
    }
  },
  "BULLET_SPEED": 5.0,
  "PREPARE_TICK": 0,
  "RELOAD_TICK": 30,
  "RATE_TICK": 2,
  "FIREMODE": [
    "fullauto",
    "semiauto",
    "burst"
  ],
  "BULLET_POWER": 1,
  "BURST_RATE_TICK": 1,
  "BURST_BULLET_NUM": 3,
  "LOAD_NUM": 1,
  "ACCURACY": 0.0,
  "ACCURACY_ADS": 0.0,
  "RECOIL_DEFAULT": {
    "Recoil": {
      "MAX_YAW_BASE": 0.0,
      "MAX_YAW_SPREAD": 0.8,
      "MAX_YAW_RETURN": 0.0,
      "MIN_YAW_BASE": 0.0,
      "MIN_YAW_SPREAD": 0.0,
      "MIN_YAW_RETURN": 0.0,
      "YAW_RECOIL_TICK": 0.0,
      "YAW_RETURN_TICK": 0.0,
      "MAX_PITCH_BASE": 1.8,
      "MAX_PITCH_SPREAD": 0.8,
      "MAX_PITCH_RETURN": 0.0,
      "MIN_PITCH_BASE": 0.0,
      "MIN_PITCH_SPREAD": 0.0,
      "MIN_PITCH_RETURN": 0.0,
      "PITCH_RECOIL_TICK": 0.0,
      "PITCH_RETURN_TICK": 0.0,
      "POWER_TICK": 0.0,
      "POWER_SHOOT": 0.0,
      "USE": true
    }
  },
  "RECOIL_ADS": {
    "Recoil": {
      "MAX_YAW_BASE": 0.0,
      "MAX_YAW_SPREAD": 0.0,
      "MAX_YAW_RETURN": 0.0,
      "MIN_YAW_BASE": 0.0,
      "MIN_YAW_SPREAD": 0.0,
      "MIN_YAW_RETURN": 0.0,
      "YAW_RECOIL_TICK": 0.0,
      "YAW_RETURN_TICK": 0.0,
      "MAX_PITCH_BASE": 0.0,
      "MAX_PITCH_SPREAD": 0.0,
      "MAX_PITCH_RETURN": 0.0,
      "MIN_PITCH_BASE": 0.0,
      "MIN_PITCH_SPREAD": 0.0,
      "MIN_PITCH_RETURN": 0.0,
      "PITCH_RECOIL_TICK": 0.0,
      "PITCH_RETURN_TICK": 0.0,
      "POWER_TICK": 0.0,
      "POWER_SHOOT": 0.0,
      "USE": true
    }
  },
  "RECOIL_SNEAK": {
    "Recoil": {
      "MAX_YAW_BASE": 0.0,
      "MAX_YAW_SPREAD": 0.0,
      "MAX_YAW_RETURN": 0.0,
      "MIN_YAW_BASE": 0.0,
      "MIN_YAW_SPREAD": 0.0,
      "MIN_YAW_RETURN": 0.0,
      "YAW_RECOIL_TICK": 0.0,
      "YAW_RETURN_TICK": 0.0,
      "MAX_PITCH_BASE": 0.0,
      "MAX_PITCH_SPREAD": 0.0,
      "MAX_PITCH_RETURN": 0.0,
      "MIN_PITCH_BASE": 0.0,
      "MIN_PITCH_SPREAD": 0.0,
      "MIN_PITCH_RETURN": 0.0,
      "PITCH_RECOIL_TICK": 0.0,
      "PITCH_RETURN_TICK": 0.0,
      "POWER_TICK": 0.0,
      "POWER_SHOOT": 0.0,
      "USE": true
    }
  },
  "RECOIL_SNEAK_ADS": {
    "Recoil": {
      "MAX_YAW_BASE": 0.0,
      "MAX_YAW_SPREAD": 0.0,
      "MAX_YAW_RETURN": 0.0,
      "MIN_YAW_BASE": 0.0,
      "MIN_YAW_SPREAD": 0.0,
      "MIN_YAW_RETURN": 0.0,
      "YAW_RECOIL_TICK": 0.0,
      "YAW_RETURN_TICK": 0.0,
      "MAX_PITCH_BASE": 0.0,
      "MAX_PITCH_SPREAD": 0.0,
      "MAX_PITCH_RETURN": 0.0,
      "MIN_PITCH_BASE": 0.0,
      "MIN_PITCH_SPREAD": 0.0,
      "MIN_PITCH_RETURN": 0.0,
      "PITCH_RECOIL_TICK": 0.0,
      "PITCH_RETURN_TICK": 0.0,
      "POWER_TICK": 0.0,
      "POWER_SHOOT": 0.0,
      "USE": true
    }
  },
  "PLAYER_DAMAGE_ADD": 0.0,
  "PLAYER_DAMAGE_DIAMETER": 1.0,
  "LIVING_DAMAGE_ADD": 0.0,
  "LIVING_DAMAGE_DIAMETER": 1.0,
  "VEHICLE_DAMAGE_ADD": 0,
  "VEHICLE_DAMAGE_DIAMETER": 1.0,
  "AIRCRAFT_DAMAGE_ADD": 0,
  "AIRCRAFT_DAMAGE_DIAMETER": 1.0,
  "SOUND_SHOOT": {
    "Sound": {
      "NAME": "BARShoot",
      "RANGE": 60.0,
      "VOL": 1.0,
      "PITCH": 1.0,
      "USE_DECAY": true,
      "USE_DELAY": true
    }
  },
  "SOUND_RELOAD": {
    "Sound": {
      "NAME": "BARReload",
      "RANGE": 10.0,
      "VOL": 1.0,
      "PITCH": 1.0,
      "USE_DECAY": true,
      "USE_DELAY": true
    }
  },
  "BULLET_USE": [
    "ar"
  ]
}