{
  "Type": "GunData",
  "Values": {
    "DisplayName": "New Gun No.1",
    "ShortName": "gun_1",
    "Data": {
      "Type": "ProjectileData",
      "Values": {
        "RPM": 920
      }
    },
    "RecoilADS": {
      "Type": "Recoil",
      "Values": {
        "HorizontalBase": {
          "Keys": [
            {
              "Key": 0.0,
              "Value": 0.194
            },
            {
              "Key": 1.0,
              "Value": 1.378
            }
          ]
        },
        "PowerShoot": 0.25,
        "PowerTick": 0.05
      }
    }
  }
}